{
  "name": "GrassGreen",
  "author": "SizzlinBacen",
  //Done
  "workspaceBackground": [
    183,
    255,
    183
  ],
  //Done
  "windowBorder": [
    6,
    179,
    0
  ],
  //Done
  "windowBackground": [
    74,
    230,
    74
  ],
  //Done
  "tabBorder": [
    74,
    230,
    74
  ],
  //Done
  "tabSideInactive": [
    70,
    148,
    70
  ],
  //Done
  "elementInputBackgroundInactive": [
    45,
    209,
    45
  ],
  //Done
  "elementInputBackgroundHover": [
    110,
    225,
    110
  ],
  //Done
  "elementInputBorder": [
    6,
    179,
    0
  ],
  //Done
  "elementInputUpDownHover": [
    7,
    223,
    0
  ],
  //Done
  "elementInputUpDownClick": [
    46,
    188,
    46
  ],
  //Done
  "elementButtonBackgroundInactive": [
    74,
    230,
    74
  ],
  //Done
  "elementButtonBackgroundHover": [
    6,
    195,
    0
  ],
  //Done
  "elementButtonBorder": [
    6,
    179,
    0
  ],
  //Done
  "elementButtonClick": [
    60,
    152,
    60
  ],
  //Done
  "elementButtonToggle": [
    48,
    111,
    48
  ],
  //Done
  "elementButtonToggleHover": [
    170,
    170,
    170
  ],
  //Done
  "elementProjectTabActive": [
    74,
    230,
    74
  ],
  //Done
  "elementProjectTabHover": [
    46,
    188,
    46
  ],
  //Done
  "elementProjectTabFont": [
    255,
    255,
    255
  ],
  //Done
  "elementProjectTabFontChanges": [
    255,
    255,
    255
  ],
  //Done
  "elementTreeBorder": [
    6,
    179,
    0
  ],
  //Done
  "elementTreeScrollBar": [
    74,
    230,
    74
  ],
  //Done
  "elementTreeScrollBarBorder": [
    6,
    179,
    0
  ],
  //Done
  "elementTreeItemBorder": [
    6,
    179,
    0
  ],
  //Done
  "elementTreeItemBg": [
    74,
    230,
    74
  ],
  //Done
  "elementTreeItemBgSelect": [
    60,
    152,
    60
  ],
  //Done
  "elementTreeItemBgHover": [
    46,
    188,
    46
  ],
  //Done
  "fontChat": [
    0,
    100,
    0
  ],
  //Done
  "font": [
    255,
    255,
    255
  ],
  //Done
  "fontDim": [
    225,
    225,
    225
  ],
  //Done
  "workspaceBlock": {
    "block": "minecraft:grass",
    "metadata": 1
  }
}