{
  "name": "Red & Black",
  "author": "SizzlinBacen",
  //Done
  "workspaceBackground": [
    204,
    204,
    204
  ],
  //Done
  "windowBorder": [
    255,
    100,
    100
  ],
  //Done
  "windowBackground": [
    34,
    34,
    34
  ],
  //Done
  "tabBorder": [
    255,
    100,
    100
  ],
 
  //Done
  "tabSideInactive": [
    255,
    100,
    100
  ],
  //Done
  "elementInputBackgroundInactive": [
    60,
    60,
    60
  ],
  //Done
  "elementInputBackgroundHover": [
    70,
    70,
    70
  ],
  //Done
  "elementInputBorder": [
    255,
    100,
    100
  ],
  //Done
  "elementInputUpDownHover": [
    255,
    150,
    150
  ],
  //Done
  "elementInputUpDownClick": [
    255,
    50,
    50
  ],
  //Done
  "elementButtonBackgroundInactive": [
    60,
    60,
    60
  ],
  //Done
  "elementButtonBackgroundHover": [
    70,
    70,
    70
  ],
  //Done
  "elementButtonBorder": [
    225,
    100,
    100
  ],
  //Done
  "elementButtonClick": [
    100,
    100,
    100
  ],
  //Done
  "elementButtonToggle": [
    30,
    30,
    30
  ],
  //Done
  "elementButtonToggleHover": [
    170,
    170,
    170
  ],
  //Done
  "elementProjectTabActive": [
    60,
    60,
    60
  ],
  //Done
  "elementProjectTabHover": [
    100,
    100,
    100
  ],
  //Done
  "elementProjectTabFont": [
    140,
    140,
    140
  ],
  //Done
  "elementProjectTabFontChanges": [
    255,
    255,
    255
  ],
  //Done
  "elementTreeBorder": [
    255,
    100,
    100
  ],
    //Done
  "elementTreeScrollBar": [
    34,
    34,
    34
  ],
  //Done
  "elementTreeScrollBarBorder": [
    255,
    100,
    100
  ],
  //Done
  "elementTreeItemBorder": [
    255,
    100,
    100
  ],
  //Done
  "elementTreeItemBg": [
    60,
    60,
    60
  ],
  //Done
  "elementTreeItemBgSelect": [
    100,
    100,
    100
  ],
  //Done
  "elementTreeItemBgHover": [
    120,
    120,
    120
  ],
  //Done
  "fontChat": [
    220,
    220,
    220
  ],
  //Done
  "font": [
    255,
    255,
    255
  ],
  //Done
  "fontDim": [
    150,
    150,
    150
  ],
  //Done
  "workspaceBlock": {
    "block": "minecraft:wool",
    "metadata": 14
  }
}